spec,hz,tg,st,n,mean_r,wr,pf
ORIG_suite,24,2.0,0.75,323,-0.4421773007153166,30.959752321981426,0.2842370695700863
ORIG_suite,48,2.0,1.0,323,-0.46050428646337094,44.58204334365325,0.30481429655995457
ORIG_suite,96,2.0,1.0,323,-0.487588391160172,39.318885448916404,0.3515707073605159
E5_t2_sweep,24,2.0,0.75,323,-0.4421773007153166,30.959752321981426,0.2842370695700863
E5_t2_sweep,48,2.0,1.0,323,-0.46050428646337094,44.58204334365325,0.30481429655995457
E5_t2_sweep,96,2.0,1.0,323,-0.487588391160172,39.318885448916404,0.3515707073605159
INV_suite,24,2.0,0.75,323,-0.10518760180597381,48.91640866873065,0.752635000456228
INV_suite,48,2.0,1.0,323,-0.05367468226647745,66.56346749226006,0.8635008805337949
INV_suite,96,2.0,1.0,323,-0.04873404224747458,62.538699690402474,0.8938525177622133
ORIG_suite,24,2.0,0.75,365,-0.37935513009157984,32.054794520547944,0.39312380038280526
ORIG_suite,48,2.0,1.0,365,-0.39819426641570965,46.57534246575342,0.3871737398229973
ORIG_suite,96,2.0,1.0,365,-0.446373244050408,39.726027397260275,0.39861216481549044
E2_trend_mom,24,2.0,0.75,30,-0.35833333333333334,43.333333333333336,0.3676470588235294
E2_trend_mom,48,2.0,1.0,30,-0.445,50.0,0.288
E2_trend_mom,96,2.0,1.0,30,-0.44,46.666666666666664,0.33999999999999997
E5_t2_sweep,24,2.0,0.75,326,-0.3532436313186631,34.04907975460122,0.41574820403069085
E5_t2_sweep,48,2.0,1.0,326,-0.3768125989010246,48.15950920245399,0.3997950830854427
E5_t2_sweep,96,2.0,1.0,326,-0.41066329471901514,42.02453987730061,0.42336253629885645
INV_suite,24,2.0,0.75,365,-0.05484025070208121,52.054794520547944,0.8753910327620766
INV_suite,48,2.0,1.0,365,0.005419344737265507,65.75342465753424,1.0133197010506825
INV_suite,96,2.0,1.0,365,0.045203246268798424,63.561643835616444,1.1008446170503028
ORIG_suite,24,2.0,0.75,340,-0.21135443435162912,43.8235294117647,0.6059892188054835
ORIG_suite,48,2.0,1.0,337,-0.2753333965214548,54.89614243323442,0.5091541434455515
ORIG_suite,96,2.0,1.0,334,-0.23542422599822702,50.0,0.6217592974439796
E1_trend_pullback,24,2.0,0.75,80,0.14937499999999998,56.25,1.3414285714285714
E1_trend_pullback,48,2.0,1.0,80,0.2575,73.75,1.7847619047619045
E1_trend_pullback,96,2.0,1.0,80,0.14500000000000002,61.25000000000001,1.2993548387096774
E2_trend_mom,24,2.0,0.75,428,-0.2175233644859813,41.58878504672897,0.6276000000000002
E2_trend_mom,48,2.0,1.0,428,-0.1744158878504673,56.77570093457944,0.677189189189189
E2_trend_mom,96,2.0,1.0,428,-0.20140186915887848,49.76635514018692,0.6792558139534884
E5_t2_sweep,24,2.0,0.75,285,-0.24249300940194352,41.75438596491228,0.5608743663612851
E5_t2_sweep,48,2.0,1.0,282,-0.30598352704868886,53.90070921985816,0.4658308150118079
E5_t2_sweep,96,2.0,1.0,279,-0.265525775926193,48.38709677419355,0.5864545531151301
INV_suite,24,2.0,0.75,340,-0.19800194307279154,44.41176470588235,0.6282173228952732
INV_suite,48,2.0,1.0,337,-0.23850089822677942,55.48961424332344,0.5673535832996169
INV_suite,96,2.0,1.0,334,-0.19795900753470708,51.796407185628745,0.6685272512295238
ORIG_suite,24,2.0,0.75,203,-0.1798511615275912,43.34975369458128,0.6779393835172848
ORIG_suite,48,2.0,1.0,203,-0.18148476200686475,54.679802955665025,0.6796399418487515
ORIG_suite,96,2.0,1.0,201,-0.15621890547263678,50.74626865671642,0.7462626262626262
E2_trend_mom,24,2.0,0.75,246,-0.09817073170731708,51.21951219512195,0.79875
E2_trend_mom,48,2.0,1.0,246,-0.06280487804878049,63.00813008130082,0.8641758241758241
E2_trend_mom,96,2.0,1.0,246,-0.09532520325203253,58.13008130081301,0.8178640776699029
E5_t2_sweep,24,2.0,0.75,178,-0.1715823631225228,42.69662921348314,0.695688310812215
E5_t2_sweep,48,2.0,1.0,178,-0.1907303370786517,54.49438202247191,0.6646913580246914
E5_t2_sweep,96,2.0,1.0,176,-0.17017045454545457,50.0,0.7277272727272727
INV_suite,24,2.0,0.75,203,-0.24475832144259804,45.320197044334975,0.5325435936179496
INV_suite,48,2.0,1.0,203,-0.22630965320974616,56.65024630541872,0.5823558218038319
INV_suite,96,2.0,1.0,201,-0.28830845771144276,51.741293532338304,0.5220618556701031
ORIG_suite,24,2.0,0.75,106,-0.314622641509434,42.45283018867924,0.4532786885245901
ORIG_suite,48,2.0,1.0,105,-0.19857142857142854,60.952380952380956,0.593170731707317
ORIG_suite,96,2.0,1.0,104,-0.2778846153846154,51.92307692307693,0.5376000000000003
E1_trend_pullback,24,2.0,0.75,38,-0.656578947368421,21.052631578947366,0.16833333333333333
E1_trend_pullback,48,2.0,1.0,38,-0.7131578947368421,31.57894736842105,0.16615384615384615
E1_trend_pullback,96,2.0,1.0,38,-0.7684210526315789,26.31578947368421,0.1657142857142857
E2_trend_mom,24,2.0,0.75,420,-0.2251190476190476,42.38095238095238,0.609297520661157
E2_trend_mom,48,2.0,1.0,420,-0.24964285714285717,52.61904761904762,0.5784924623115577
E2_trend_mom,96,2.0,1.0,420,-0.24702380952380953,48.333333333333336,0.6175115207373272
E5_t2_sweep,24,2.0,0.75,92,-0.33152173913043476,40.21739130434783,0.44545454545454544
E5_t2_sweep,48,2.0,1.0,91,-0.20824175824175822,59.34065934065934,0.5902702702702702
E5_t2_sweep,96,2.0,1.0,90,-0.3088888888888889,48.888888888888886,0.5165217391304348
INV_suite,24,2.0,0.75,106,-0.2928084853433254,43.39622641509434,0.47706924956935853
INV_suite,48,2.0,1.0,105,-0.27,57.14285714285714,0.49600000000000005
INV_suite,96,2.0,1.0,104,-0.29038461538461535,51.92307692307693,0.5167999999999999
ORIG_suite,24,2.0,0.75,328,-0.3471835187641587,37.80487804878049,0.43833357500480263
ORIG_suite,48,2.0,1.0,328,-0.3225609756097561,53.35365853658537,0.446797385620915
ORIG_suite,96,2.0,1.0,328,-0.361890243902439,45.73170731707317,0.46651685393258424
E2_trend_mom,24,2.0,0.75,61,-0.4450819672131147,29.508196721311474,0.3686046511627907
E2_trend_mom,48,2.0,1.0,61,-0.5491803278688525,37.704918032786885,0.29473684210526313
E2_trend_mom,96,2.0,1.0,61,-0.5975409836065574,31.147540983606557,0.3057142857142857
E5_t2_sweep,24,2.0,0.75,277,-0.3145026269350722,38.98916967509025,0.48066303993207266
E5_t2_sweep,48,2.0,1.0,277,-0.298014440433213,54.151624548736464,0.48000000000000004
E5_t2_sweep,96,2.0,1.0,277,-0.33267148014440434,46.57039711191336,0.5018918918918919
INV_suite,24,2.0,0.75,328,-0.2081424358690389,47.256097560975604,0.6012796117723256
INV_suite,48,2.0,1.0,328,-0.12007865531895547,63.71951219512195,0.735221519700051
INV_suite,96,2.0,1.0,328,-0.14710365853658536,56.40243902439024,0.73006993006993
ORIG_suite,24,2.0,0.75,303,-0.22917960859409162,41.914191419141915,0.5941321187567186
ORIG_suite,48,2.0,1.0,303,-0.275455718190659,56.10561056105611,0.4933005599519334
ORIG_suite,96,2.0,1.0,303,-0.2445141304023126,48.84488448844885,0.615759278946327
E2_trend_mom,24,2.0,0.75,102,-0.23529411764705882,50.0,0.5294117647058825
E2_trend_mom,48,2.0,1.0,102,-0.26176470588235295,60.78431372549019,0.46600000000000014
E2_trend_mom,96,2.0,1.0,102,-0.2563725490196078,55.88235294117647,0.5351111111111111
E5_t2_sweep,24,2.0,0.75,248,-0.25011549937586,41.12903225806452,0.5618854562844081
E5_t2_sweep,48,2.0,1.0,248,-0.3061011395635874,55.64516129032258,0.4416887731493064
E5_t2_sweep,96,2.0,1.0,248,-0.27394266738669654,47.983870967741936,0.5762259753162349
INV_suite,24,2.0,0.75,303,-0.15429787144376378,44.224422442244226,0.7111818407341599
INV_suite,48,2.0,1.0,303,-0.14110500486657512,57.42574257425742,0.7323416636707781
INV_suite,96,2.0,1.0,303,-0.1726475857693045,51.48514851485149,0.7132983533711049
ORIG_suite,24,2.0,0.75,415,-0.32817442615829506,41.204819277108435,0.4412183027984722
ORIG_suite,48,2.0,1.0,414,-0.3442028985507246,53.14009661835749,0.41237113402061853
ORIG_suite,96,2.0,1.0,414,-0.3634057971014493,46.3768115942029,0.4578378378378379
E2_trend_mom,24,2.0,0.75,78,-0.24166666666666664,46.15384615384615,0.5511904761904761
E2_trend_mom,48,2.0,1.0,78,-0.31538461538461543,52.56410256410257,0.46810810810810816
E2_trend_mom,96,2.0,1.0,78,-0.25448717948717947,52.56410256410257,0.5708108108108109
E5_t2_sweep,24,2.0,0.75,337,-0.3300961034293544,40.94955489614243,0.44023618910932344
E5_t2_sweep,48,2.0,1.0,336,-0.33169642857142856,53.57142857142857,0.4284615384615384
E5_t2_sweep,96,2.0,1.0,336,-0.3529761904761905,46.42857142857143,0.4728888888888889
INV_suite,24,2.0,0.75,415,-0.21166748967761023,47.2289156626506,0.5978078636789722
INV_suite,48,2.0,1.0,414,-0.18260869565217389,60.6280193236715,0.628957055214724
INV_suite,96,2.0,1.0,414,-0.13466183574879226,56.52173913043478,0.7522222222222222
ORIG_suite,24,2.0,0.75,389,-0.28238236563818514,39.84575835475578,0.5202523495213148
ORIG_suite,48,2.0,1.0,388,-0.2612359602392624,54.89690721649485,0.5291765937126032
ORIG_suite,96,2.0,1.0,388,-0.2565721649484536,48.96907216494845,0.5977777777777779
E2_trend_mom,24,2.0,0.75,140,-0.2942857142857143,42.142857142857146,0.4913580246913581
E2_trend_mom,48,2.0,1.0,140,-0.37142857142857144,54.285714285714285,0.35000000000000003
E2_trend_mom,96,2.0,1.0,140,-0.3278571428571429,49.28571428571429,0.4828169014084508
E5_t2_sweep,24,2.0,0.75,340,-0.27043158892133534,40.294117647058826,0.5355468751743332
E5_t2_sweep,48,2.0,1.0,339,-0.2696446978549669,54.572271386430685,0.5164320783090249
E5_t2_sweep,96,2.0,1.0,339,-0.25663716814159293,48.67256637168141,0.6
INV_suite,24,2.0,0.75,389,-0.17297435049789,46.01542416452442,0.6660422383785795
INV_suite,48,2.0,1.0,388,-0.15417140641817617,60.30927835051546,0.6886374611579782
INV_suite,96,2.0,1.0,388,-0.1495853731155445,54.38144329896907,0.737676272231271
ORIG_suite,24,2.0,0.75,404,-0.429368952698039,32.67326732673268,0.34773417054616707
ORIG_suite,48,2.0,1.0,404,-0.35831111093371754,50.742574257425744,0.41252771164702184
ORIG_suite,96,2.0,1.0,404,-0.43304455445544554,41.089108910891085,0.4119327731092437
E2_trend_mom,24,2.0,0.75,73,-0.239701799180381,46.57534246575342,0.5513274015341586
E2_trend_mom,48,2.0,1.0,73,-0.38082191780821917,50.68493150684932,0.3822222222222223
E2_trend_mom,96,2.0,1.0,73,-0.35342465753424657,47.94520547945205,0.4568421052631579
E5_t2_sweep,24,2.0,0.75,359,-0.40951269328692974,32.86908077994429,0.3742502982036023
E5_t2_sweep,48,2.0,1.0,359,-0.333447601162178,51.81058495821726,0.4403768771513924
E5_t2_sweep,96,2.0,1.0,359,-0.4044568245125348,41.78272980501393,0.4442105263157895
INV_suite,24,2.0,0.75,404,-0.13976215412245302,49.75247524752475,0.7136390943652227
INV_suite,48,2.0,1.0,404,-0.060785649891917086,67.07920792079209,0.8507986042612661
INV_suite,96,2.0,1.0,404,-0.06522277227722771,60.89108910891089,0.8665822784810127
ORIG_suite,24,2.0,0.75,375,-0.2244600856301879,44.0,0.5884494500258409
ORIG_suite,48,2.0,1.0,374,-0.19925549269094955,57.21925133689839,0.6273922286679242
ORIG_suite,96,2.0,1.0,374,-0.20160427807486628,52.67379679144385,0.6592090395480227
E2_trend_mom,24,2.0,0.75,128,-0.3828125,41.40625,0.3466666666666666
E2_trend_mom,48,2.0,1.0,128,-0.41445312500000003,52.34375,0.3042622950819672
E2_trend_mom,96,2.0,1.0,128,-0.471875,44.53125,0.31943661971830983
E5_t2_sweep,24,2.0,0.75,308,-0.21416719387973357,44.15584415584416,0.607419509814105
E5_t2_sweep,48,2.0,1.0,307,-0.212214983713355,55.700325732899024,0.6167647058823529
E5_t2_sweep,96,2.0,1.0,307,-0.21254071661237786,50.814332247557005,0.6543046357615895
INV_suite,24,2.0,0.75,375,-0.2679114504335671,43.2,0.5151036701153668
INV_suite,48,2.0,1.0,374,-0.25117813097090924,56.68449197860963,0.5345467493797543
INV_suite,96,2.0,1.0,374,-0.25606814458137706,51.33689839572193,0.5790352260508351
