hz,target,stop,be_trig,be_lock,n,mean_r,wr,pf,min_q_r,med_q_r
48,1.5,0.75,0.75,0.35,3544,-0.30026300262029787,45.71106094808127,0.44509836734389613,-0.3249045736073143,-0.3001984806649242
48,2.0,0.75,0.75,0.35,3544,-0.3003498873422973,45.71106094808127,0.44493779986248955,-0.31877712262692215,-0.30492791478231274
24,2.0,0.75,0.75,0.35,3551,-0.3015957841334957,44.747958321599555,0.43584783739128424,-0.3223117516808896,-0.30723477136945104
24,1.5,0.75,0.75,0.35,3551,-0.3023692098377881,44.776119402985074,0.4343962675452134,-0.32509062254444143,-0.3036343785789847
48,2.5,0.75,0.75,0.35,3544,-0.30264409744546444,45.71106094808127,0.4406979803682662,-0.3322575147837849,-0.3042933519949296
96,1.5,0.75,0.75,0.35,3538,-0.3027045810224349,45.6472583380441,0.44242700975368326,-0.3306372549019608,-0.30166763367130417
96,2.0,0.75,0.75,0.35,3538,-0.30281763924742083,45.6472583380441,0.4422187598079295,-0.32450980392156864,-0.30562281176594713
24,2.5,0.75,0.75,0.35,3551,-0.3054221939135493,44.747958321599555,0.4286903190637439,-0.3367472508900488,-0.30887676308782863
96,2.5,0.75,0.75,0.35,3538,-0.3074530264718414,45.6472583380441,0.4336805120320289,-0.3379901960784314,-0.3079370195714348
48,2.0,0.75,0.95,0.45,3544,-0.3089884300440338,39.53160270880361,0.4857683078559696,-0.3428552737358708,-0.3078271145807851
48,2.0,1.0,0.75,0.35,3544,-0.30952720974965214,52.793453724604966,0.46918598458807437,-0.3310053796775332,-0.3138664455851803
48,1.5,1.0,0.75,0.35,3544,-0.30963784195767535,52.793453724604966,0.4689962593402612,-0.3346513703717181,-0.31287573326338775
24,2.0,1.0,0.75,0.35,3551,-0.3098412767106899,51.22500704027034,0.4607583649230263,-0.3316944740042802,-0.31714504875686245
24,1.5,1.0,0.75,0.35,3551,-0.3112715684474076,51.25316812165587,0.45826480669787184,-0.33168451917905006,-0.31730610359053835
48,2.5,0.75,0.95,0.45,3544,-0.3114116292914345,39.53160270880361,0.4817355165659674,-0.35854154824567475,-0.30717970311930565
96,2.0,0.75,0.95,0.45,3538,-0.31193772821603505,39.42905596382137,0.4842563535741397,-0.3480392156862745,-0.3093900583767204
24,2.0,0.75,0.95,0.45,3551,-0.3125887118369635,38.665164742326105,0.4717925117425613,-0.3339252244494412,-0.3146702776174717
48,1.5,0.75,0.95,0.45,3544,-0.3126058415498955,39.53160270880361,0.47974805771399676,-0.3465317443241061,-0.3105069298960842
48,2.5,1.0,0.75,0.35,3544,-0.3135708555187336,52.793453724604966,0.46225146064323097,-0.3397984291952475,-0.318043433088536
96,2.0,1.0,0.75,0.35,3538,-0.3136175213620656,52.79819106840022,0.4667739439690013,-0.33127586206896553,-0.31999108294996603
96,1.5,1.0,0.75,0.35,3538,-0.31426760615573435,52.79819106840022,0.46566864172342454,-0.33958333333333335,-0.31806167878757396
24,2.5,0.75,0.95,0.45,3551,-0.3152404375195316,38.665164742326105,0.46731166739566876,-0.34785259117359996,-0.31484397596488034
24,2.5,1.0,0.75,0.35,3551,-0.31578060214804254,51.22500704027034,0.4504216803014907,-0.3435862455638732,-0.3236080013786614
96,1.5,0.75,0.95,0.45,3538,-0.31617741165300517,39.42905596382137,0.47724665388831033,-0.35171568627450983,-0.31671692204290686
24,1.5,0.75,0.95,0.45,3551,-0.3165250267495561,38.69332582371163,0.46513686021908,-0.33547860511691463,-0.31558651302327695
96,2.5,0.75,0.95,0.45,3538,-0.3181841951465043,39.42905596382137,0.47392872937035113,-0.36372549019607847,-0.3138210644552297
96,2.5,1.0,0.75,0.35,3538,-0.3204010148612177,52.79819106840022,0.4552403553195048,-0.34473039215686274,-0.3255686378286465
48,2.0,1.0,0.95,0.45,3544,-0.3228528948924862,46.190744920993225,0.5124564034134047,-0.36294558781901853,-0.3228004650639773
48,2.0,0.75,1.2,0.6,3544,-0.3230287269824886,34.057562076749434,0.5064525471701553,-0.3292141775307765,-0.32280669038126325
48,2.5,0.75,1.2,0.6,3544,-0.3254021040490314,34.057562076749434,0.5028263241504902,-0.3341996404748562,-0.3282963096089489
96,2.0,1.0,0.95,0.45,3538,-0.3257452677836188,46.29734313171283,0.5131027412776367,-0.35590738181932213,-0.3285041161087404
24,2.0,1.0,0.95,0.45,3551,-0.3258828842118789,44.63531399605745,0.4969759822728756,-0.34649238381480474,-0.33199976974071777
48,2.5,1.0,0.95,0.45,3544,-0.3264978724958274,46.190744920993225,0.506952083897229,-0.3783867642896067,-0.32360987193332413
24,2.0,0.75,1.2,0.6,3551,-0.3266026235506309,33.59617009293157,0.4905352659742023,-0.3376049990347894,-0.3250043536471055
96,2.0,0.75,1.2,0.6,3538,-0.3274592524562386,33.88920293951385,0.503851910303648,-0.33665637165582546,-0.32550422582826233
48,1.5,1.0,0.95,0.45,3544,-0.3275007099249619,46.190744920993225,0.5054376884102233,-0.3700534309562734,-0.3234965941013249
24,2.5,0.75,1.2,0.6,3551,-0.32882633146457957,33.59617009293157,0.4870665223719166,-0.34051202258788216,-0.33112270060764093
24,2.5,1.0,0.95,0.45,3551,-0.32949292121493956,44.63531399605745,0.4914036266647716,-0.36140014269582627,-0.33335460371188774
48,1.5,0.75,1.2,0.6,3544,-0.3299960183327239,34.057562076749434,0.49580739826605014,-0.3384564397851205,-0.32752778571594887
96,1.5,1.0,0.95,0.45,3538,-0.3312285916954332,46.29734313171283,0.5049067192770261,-0.3654662053487339,-0.33085928284168364
24,1.5,1.0,0.95,0.45,3551,-0.33162839501325075,44.66347507744297,0.48810375765122765,-0.3536830193842389,-0.3342632710427781
96,2.5,0.75,1.2,0.6,3538,-0.33251860802435623,33.88920293951385,0.4961862554736578,-0.3409313725490196,-0.3352161026602708
24,1.5,0.75,1.2,0.6,3551,-0.33309587512255057,33.6243311743171,0.48040279412529185,-0.3398775901154515,-0.33085883546238753
96,2.5,1.0,0.95,0.45,3538,-0.33343296808295847,46.29734313171283,0.5016117985938153,-0.3742874888268317,-0.3339265441039685
96,1.5,0.75,1.2,0.6,3538,-0.3335078674929825,33.88920293951385,0.4946873844175145,-0.3481061245388567,-0.3292592358831945
48,2.0,1.0,1.2,0.6,3544,-0.3396959092167455,40.462753950338595,0.5357913531971982,-0.35511868127130625,-0.34661883401234594
96,2.0,1.0,1.2,0.6,3538,-0.3436532174683483,40.559638213680046,0.5358839850961731,-0.3642435736392087,-0.3470999055588866
48,2.5,1.0,1.2,0.6,3544,-0.3437869643260832,40.462753950338595,0.5302007555338932,-0.3759825565618598,-0.34734964121922773
24,2.0,1.0,1.2,0.6,3551,-0.3451091780247343,39.34103069557871,0.5138863027204547,-0.3617463127249299,-0.35190234658430974
48,1.5,1.0,1.2,0.6,3544,-0.3482297214750847,40.462753950338595,0.5241295423451128,-0.3730108381340514,-0.3492651419964641
24,2.5,1.0,1.2,0.6,3551,-0.3492768351076689,39.34103069557871,0.5080158265854114,-0.37292341162793424,-0.35755027943521156
96,2.5,1.0,1.2,0.6,3538,-0.35074736208651225,40.559638213680046,0.5263030879534395,-0.3775795800590218,-0.35749825673950436
96,1.5,1.0,1.2,0.6,3538,-0.35162382232985195,40.559638213680046,0.5251193969105995,-0.3742106247100489,-0.35352553098146944
24,1.5,1.0,1.2,0.6,3551,-0.3534969370844262,39.369191776964236,0.5020682738184841,-0.36700152872148706,-0.3594142448755585
